	Selection Method	Best path	Time (s)
0	sus	645.151806456861	7.2569288
1	fps	620.256719029979	17.204015899999998
2	tourwithoutrepl	630.408618438316	9.522870800000002
